Number,Color,Exp.thisRepN,Exp.thisTrialN,Exp.thisN,Exp.thisIndex,response,Acc,RT,Participant number,Session,
3,green,0,0,0,6,j,1,3.9141523849684745,0,0,
1,red,0,1,1,0,j,1,0.6981816067127511,0,0,
3,red,0,2,2,2,j,1,0.667270544799976,0,0,
4,green,0,3,3,7,f,1,0.6337217007530853,0,0,
2,red,0,4,4,1,f,1,1.129997806274332,0,0,
1,green,0,5,5,4,f,0,0.2508449322776869,0,0,
4,red,0,6,6,3,f,1,0.20397917716763914,0,0,
2,green,0,7,7,5,f,1,0.20222720049787313,0,0,
