Number,Color,Exp.thisRepN,Exp.thisTrialN,Exp.thisN,Exp.thisIndex,response,Acc,RT,Participant number,Session,
2,red,0,0,0,1,f,1,0.7778772914316505,6,0,
3,green,0,1,1,6,j,1,0.5700252639362589,6,0,
4,green,0,2,2,7,f,1,0.6826105358777568,6,0,
3,red,0,3,3,2,j,1,0.6512931967154145,6,0,
4,red,0,4,4,3,f,1,0.5709442965453491,6,0,
1,green,0,5,5,4,f,0,0.1695399966556579,6,0,
2,green,0,6,6,5,f,1,0.1552436399506405,6,0,
1,red,0,7,7,0,f,0,0.13946376671083272,6,0,
